{
    "n_episodes": 17500,
    "skip": 1,
    "y0": [0,0,0,0],
    "actual_params": [0.4437322, 0.01334992, 0.05980078, 6.32831827, 91.80251520, 0.91779024, 0.44236521, 3.26829704, 0.27499435, 4.48180358, 2.68995461, 0.01720242, 0.80772911, 0.71316179],
    "input_bounds": [[1e-7, 1], [1e-7, 100]],
    "n_controlled_inputs": 2,
    "num_inputs": 10,
    "dt":0.0005,
    "lb":[0.5, 0.0001, 0.00001],
    "ub":[2, 0.001, 0.0001],
    "N_sampling_intervals":14,
    "sampling_time":10,
    "control_interval_time":180,
    "n_observed_variables":4,
    "prior":false,
    "normaliser":[1e3, 1e3, 1e3,1e3, 1e3]
}