{
    "n_episodes": 50000,
    "skip": 10,
    "y0": [20,20,10,10],
    "actual_params": [0.4437322, 0.01334992, 0.05980078, 6.32831827, 91.80251520, 0.91779024, 0.44236521, 3.26829704, 0.27499435, 4.48180358, 2.68995461, 0.01720242, 0.80772911, 0.71316179],
    "input_bounds": [[0, 1]],
    "n_controlled_inputs": 1,
    "num_inputs": 10,
    "dt":0.5,
    "lb":[0.5, 0.0001, 0.00001],
    "ub":[2, 0.001, 0.0001],
    "N_sampling_intervals":24,
    "sampling_time":60,
    "control_interval_time":180,
    "n_observed_variables":4,
    "prior":false,
    "normaliser":[1e3, 1e3, 1e3,1e3, 1e3]
}